{
  "productName": "timetracker",
  "directories": {
    "output": "release/"
  },
  "files": [
    "**/*",
    "!*.ts",
    "!*.code-workspace",
    "!LICENSE.md",
    "!package.json",
    "!package-lock.json",
    "!src/",
    "!e2e/",
    "!hooks/",
    "!.angular-cli.json",
    "!_config.yml",
    "!karma.conf.js",
    "!tsconfig.json",
    "!tslint.json"
  ],
  "asar": false,
  "win": {
    "icon": "dist/favicon.png",
    "target": [
      "portable"
    ]
  },
  "mac": {
    "icon": "dist/favicon.png",
    "target": [
      "dmg"
    ]
  },
  "linux": {
    "icon": "dist/favicon.png",
    "target": [
      "deb"
    ]
  }
}
